{
	"photos" : {
		"page" : 1,
		"pages" : "525741",
		"perpage" : 4,
		"total" : "2102962",
		"photo" : [
			{
				"id" : "8036678243",
				"owner" : "93652514@N00",
				"secret" : "1e12791d53",
				"server" : "8169",
				"farm" : 9,
				"title" : "",
				"ispublic" : 1,
				"isfriend" : 0,
				"isfamily" : 0
			},
			{
				"id" : "8036604742",
				"owner" : "79094087@N00",
				"secret" : "01e2d5324a",
				"server" : "8172",
				"farm" : 9,
				"title" : "tailongwan_fall-0029-0929",
				"ispublic" : 1,
				"isfriend" : 0,
				"isfamily" : 0
			},
			{
				"id" : "8036605600",
				"owner" : "79094087@N00",
				"secret" : "5ed5844c74",
				"server" : "8454",
				"farm" : 9,
				"title" : "tailongwan_fall-0028-0929",
				"ispublic" : 1,
				"isfriend" : 0,
				"isfamily" : 0
			},
			{
				"id" : "8036600131",
				"owner" : "79094087@N00",
				"secret" : "e9f11c8089",
				"server" : "8182",
				"farm" : 9,
				"title" : "tailongwan_fall-0044-0929",
				"ispublic" : 1,
				"isfriend" : 0,
				"isfamily" : 0
			}
		]
	},
	"stat" : "ok"
}
