{
	"responseData" : {
		"results" : [
			{
				"GsearchResultClass" : "GimageSearch",
				"width" : "300",
				"height" : "224",
				"imageId" : "ANd9GcRZv4O8wkOEAxcUQjZXLvspZAGCrriM3AusyXyBG_qMji0pC0LZWeKDV9w",
				"tbWidth" : "116",
				"tbHeight" : "87",
				"unescapedUrl" : "http://upload.wikimedia.org/wikipedia/commons/thumb/d/dc/Bermuda-divmap.png/300px-Bermuda-divmap.png",
				"url" : "http://upload.wikimedia.org/wikipedia/commons/thumb/d/dc/Bermuda-divmap.png/300px-Bermuda-divmap.png",
				"visibleUrl" : "en.wikipedia.org",
				"title" : "<b>Bermuda</b> - Wikipedia, the free encyclopedia",
				"titleNoFormatting" : "Bermuda - Wikipedia, the free encyclopedia",
				"originalContextUrl" : "http://en.wikipedia.org/wiki/Bermuda",
				"content" : "divisions of <b>Bermuda</b>",
				"contentNoFormatting" : "divisions of Bermuda",
				"tbUrl" : "assets/images/offline/thumbnails/tn1.jpg"
			},
			{
				"GsearchResultClass" : "GimageSearch",
				"width" : "469",
				"height" : "264",
				"imageId" : "ANd9GcTwRp_hQpS_6Slgh3oIHej5eBriVHkxRexYvjw_yi3Lt6sQZnzA7XrI9e8b",
				"tbWidth" : "128",
				"tbHeight" : "72",
				"unescapedUrl" : "http://media.lonelyplanet.com/lpi/23453/23453-3/469x264.jpg",
				"url" : "http://media.lonelyplanet.com/lpi/23453/23453-3/469x264.jpg",
				"visibleUrl" : "www.lonelyplanet.com",
				"title" : "<b>Bermuda</b> Travel Information and Travel Guide - Lonely Planet",
				"titleNoFormatting" : "Bermuda Travel Information and Travel Guide - Lonely Planet",
				"originalContextUrl" : "http://www.lonelyplanet.com/bermuda",
				"content" : "<b>Bermuda</b>",
				"contentNoFormatting" : "Bermuda",
				"tbUrl" : "assets/images/offline/thumbnails/tn2.jpg"
			},
			{
				"GsearchResultClass" : "GimageSearch",
				"width" : "250",
				"height" : "188",
				"imageId" : "ANd9GcQQthKpbH0qDVSXt_IlS_bMsNstxiuSFtkVzxPVU79cxvNqX6I0WvZlsQ",
				"tbWidth" : "111",
				"tbHeight" : "83",
				"unescapedUrl" : "http://wikitravel.org/upload/shared//thumb/8/8f/HamiltonStreet.jpg/250px-HamiltonStreet.jpg",
				"url" : "http://wikitravel.org/upload/shared//thumb/8/8f/HamiltonStreet.jpg/250px-HamiltonStreet.jpg",
				"visibleUrl" : "wikitravel.org",
				"title" : "<b>Bermuda</b> travel guide - Wikitravel",
				"titleNoFormatting" : "Bermuda travel guide - Wikitravel",
				"originalContextUrl" : "http://wikitravel.org/en/Bermuda",
				"content" : "<b>Bermuda</b>",
				"contentNoFormatting" : "Bermuda",
				"tbUrl" : "assets/images/offline/thumbnails/tn3.jpg"
			},
			{
				"GsearchResultClass" : "GimageSearch",
				"width" : "434",
				"height" : "248",
				"imageId" : "ANd9GcShTxtrOkHoYoHxTupmXHu_FAsCM4blQjUewqhz9tRxCKL83A1TMBMrog",
				"tbWidth" : "126",
				"tbHeight" : "72",
				"unescapedUrl" : "http://www.fodors.com/world/caribbean/bermuda/pic.jpg",
				"url" : "http://www.fodors.com/world/caribbean/bermuda/pic.jpg",
				"visibleUrl" : "www.fodors.com",
				"title" : "pic.jpg",
				"titleNoFormatting" : "pic.jpg",
				"originalContextUrl" : "http://www.fodors.com/world/caribbean/bermuda/",
				"content" : "<b>Bermuda</b> is justifiably famous",
				"contentNoFormatting" : "Bermuda is justifiably famous",
				"tbUrl" : "assets/images/offline/thumbnails/tn4.jpg"
			}
		],
		"cursor" : {
			"resultCount" : "296,000,000",
			"pages" : [
				{
					"start" : "0",
					"label" : 1
				},
				{
					"start" : "4",
					"label" : 2
				},
				{
					"start" : "8",
					"label" : 3
				},
				{
					"start" : "12",
					"label" : 4
				},
				{
					"start" : "16",
					"label" : 5
				},
				{
					"start" : "20",
					"label" : 6
				},
				{
					"start" : "24",
					"label" : 7
				},
				{
					"start" : "28",
					"label" : 8
				}
			],
			"estimatedResultCount" : "296000000",
			"currentPageIndex" : 0,
			"moreResultsUrl" : "http://www.google.com/images?oe=utf8&ie=utf8&source=uds&start=0&hl=en&q=Bermuda",
			"searchResultTime" : "0.11"
		}
	},
	"responseDetails" : null,
	"responseStatus" : 200
}
