<?xml version="1.0" encoding="UTF-8"?>
<data>
	<request>
		<type>LatLon</type>
		<query>Lat 52.00 and Lon -0.13</query>
	</request>
	<current_condition>
		<observation_time>03:48 PM</observation_time>
		<temp_C>14</temp_C>
		<temp_F>57</temp_F>
		<weatherCode>119</weatherCode>
		<weatherIconUrl>
			<![CDATA[http://www.worldweatheronline.com/images/wsymbols01_png_64/wsymbol_0003_white_cloud.png]]></weatherIconUrl>
		<weatherDesc><![CDATA[Cloudy ]]></weatherDesc>
		<windspeedMiles>16</windspeedMiles>
		<windspeedKmph>26</windspeedKmph>
		<winddirDegree>190</winddirDegree>
		<winddir16Point>S</winddir16Point>
		<precipMM>0.1</precipMM>
		<humidity>77</humidity>
		<visibility>10</visibility>
		<pressure>988</pressure>
		<cloudcover>50</cloudcover>
	</current_condition>
	<weather>
		<date>2012-09-25</date>
		<tempMaxC>15</tempMaxC>
		<tempMaxF>60</tempMaxF>
		<tempMinC>10</tempMinC>
		<tempMinF>49</tempMinF>
		<windspeedMiles>19</windspeedMiles>
		<windspeedKmph>31</windspeedKmph>
		<winddirection>S</winddirection>
		<winddir16Point>S</winddir16Point>
		<winddirDegree>188</winddirDegree>
		<weatherCode>176</weatherCode>
		<weatherIconUrl>
			<![CDATA[http://www.worldweatheronline.com/images/wsymbols01_png_64/wsymbol_0009_light_rain_showers.png]]></weatherIconUrl>
		<weatherDesc><![CDATA[Patchy rain nearby]]></weatherDesc>
		<precipMM>0.8</precipMM>
	</weather>
	<weather>
		<date>2012-09-26</date>
		<tempMaxC>15</tempMaxC>
		<tempMaxF>58</tempMaxF>
		<tempMinC>8</tempMinC>
		<tempMinF>46</tempMinF>
		<windspeedMiles>12</windspeedMiles>
		<windspeedKmph>20</windspeedKmph>
		<winddirection>SSE</winddirection>
		<winddir16Point>SSE</winddir16Point>
		<winddirDegree>162</winddirDegree>
		<weatherCode>389</weatherCode>
		<weatherIconUrl>
			<![CDATA[http://www.worldweatheronline.com/images/wsymbols01_png_64/wsymbol_0024_thunderstorms.png]]></weatherIconUrl>
		<weatherDesc><![CDATA[Moderate or heavy rain in area with thunder]]></weatherDesc>
		<precipMM>3.9</precipMM>
	</weather>
</data>
